date,day_name,is_weekend,total_appliances_wh,avg_appliances_wh,total_lights_wh,avg_outdoor_temp_c,avg_outdoor_humidity_pct,avg_windspeed_mps
2016-01-11,Monday,0,5740,136.67,1260,5.92,89.29,6.08
2016-01-12,Tuesday,0,12340,85.69,610,5.57,87.5,5.78
2016-01-13,Wednesday,0,13970,97.01,780,4.86,83.41,5.61
2016-01-14,Thursday,0,21800,151.39,720,3.43,86.42,6.28
2016-01-15,Friday,0,18050,125.35,860,2.67,88.39,7.77
2016-01-16,Saturday,1,18040,125.28,1150,2.19,89.65,3.48
2016-01-17,Sunday,1,20550,142.71,710,0.39,83.87,2.21
2016-01-18,Monday,0,13530,93.96,490,-2.94,82.23,2.36
2016-01-19,Tuesday,0,11990,83.26,390,-2.93,83.7,1.0
2016-01-20,Wednesday,0,16480,114.44,840,-1.62,88.35,2.02
2016-01-21,Thursday,0,13340,92.64,590,0.18,80.46,1.62
2016-01-22,Friday,0,6580,45.69,100,1.6,86.04,4.52
2016-01-23,Saturday,1,13400,93.06,700,5.86,97.07,3.83
2016-01-24,Sunday,1,21640,150.28,1430,6.89,94.72,4.49
2016-01-25,Monday,0,9470,65.76,350,9.53,80.02,3.91
2016-01-26,Tuesday,0,10270,71.32,520,9.55,85.56,6.19
2016-01-27,Wednesday,0,6570,45.62,90,10.22,85.61,9.35
2016-01-28,Thursday,0,5400,37.5,0,5.87,85.53,3.07
2016-01-29,Friday,0,6920,48.06,100,6.65,82.43,8.32
2016-01-30,Saturday,1,18790,130.49,430,6.92,87.34,8.14
2016-01-31,Sunday,1,18640,129.44,1680,7.17,93.08,5.59
2016-02-01,Monday,0,22450,155.9,2180,10.96,85.93,8.31
2016-02-02,Tuesday,0,11220,77.92,2150,8.3,91.45,5.86
2016-02-03,Wednesday,0,19140,132.92,1180,4.89,82.39,4.6
2016-02-04,Thursday,0,14450,100.35,1360,5.7,91.5,4.42
2016-02-05,Friday,0,9010,62.57,350,8.97,93.53,4.55
2016-02-06,Saturday,1,11980,83.19,310,9.75,77.67,7.28
2016-02-07,Sunday,1,11430,79.38,790,8.26,73.98,8.15
2016-02-08,Monday,0,21220,147.36,1440,7.98,76.64,10.63
2016-02-09,Tuesday,0,18110,125.76,470,4.99,89.22,6.25
2016-02-10,Wednesday,0,13880,96.39,750,4.23,91.57,5.49
2016-02-11,Thursday,0,15300,106.25,920,3.54,94.42,3.04
2016-02-12,Friday,0,16970,117.85,570,3.21,84.15,3.57
2016-02-13,Saturday,1,13840,96.11,420,2.3,92.49,3.29
2016-02-14,Sunday,1,14750,102.43,1610,2.73,93.65,3.01
2016-02-15,Monday,0,16950,117.71,1650,2.74,79.46,5.16
2016-02-16,Tuesday,0,13420,93.19,840,0.09,80.26,1.65
2016-02-17,Wednesday,0,9620,66.81,210,-0.5,83.37,1.78
2016-02-18,Thursday,0,12060,83.75,840,1.17,84.2,3.34
2016-02-19,Friday,0,17150,119.1,200,3.16,85.36,3.51
2016-02-20,Saturday,1,14510,100.76,530,8.42,91.21,8.16
2016-02-21,Sunday,1,12760,88.61,1780,10.85,89.77,9.05
2016-02-22,Monday,0,13450,93.4,1120,8.37,91.17,6.19
2016-02-23,Tuesday,0,12770,88.68,1030,4.32,89.11,2.44
2016-02-24,Wednesday,0,11230,77.99,670,2.02,83.41,1.42
2016-02-25,Thursday,0,18010,125.07,1690,2.4,82.31,1.94
2016-02-26,Friday,0,13550,94.1,260,3.08,80.41,1.56
2016-02-27,Saturday,1,11990,83.26,300,3.06,67.58,4.93
2016-02-28,Sunday,1,7700,53.47,110,2.54,64.74,6.39
2016-02-29,Monday,0,22630,157.15,760,2.15,71.72,4.62
2016-03-01,Tuesday,0,10420,72.36,720,2.45,93.74,5.6
2016-03-02,Wednesday,0,13360,92.78,600,5.94,80.29,7.66
2016-03-03,Thursday,0,11810,82.01,1050,4.02,85.15,4.44
2016-03-04,Friday,0,13730,95.35,310,4.07,86.11,3.76
2016-03-05,Saturday,1,13160,91.39,580,2.75,87.33,1.68
2016-03-06,Sunday,1,12920,89.72,610,2.76,93.48,4.61
2016-03-07,Monday,0,20540,142.64,560,1.62,91.92,1.96
2016-03-08,Tuesday,0,10770,74.79,840,3.25,83.18,2.59
2016-03-09,Wednesday,0,12500,86.81,860,5.18,68.39,6.39
2016-03-10,Thursday,0,13380,92.92,900,4.63,73.75,1.36
2016-03-11,Friday,0,10230,71.04,450,4.35,77.46,2.27
2016-03-12,Saturday,1,14200,98.61,390,4.53,79.16,2.17
2016-03-13,Sunday,1,9780,67.92,330,3.91,77.11,4.1
2016-03-14,Monday,0,23620,164.03,650,3.11,76.08,4.17
2016-03-15,Tuesday,0,14010,97.29,810,4.32,78.26,3.46
2016-03-16,Wednesday,0,22810,158.4,1240,5.24,70.9,5.62
2016-03-17,Thursday,0,12510,86.88,1080,4.6,71.39,3.22
2016-03-18,Friday,0,9020,62.64,90,3.83,89.58,2.78
2016-03-19,Saturday,1,16370,113.68,180,5.64,79.85,3.0
2016-03-20,Sunday,1,16150,112.15,130,5.88,79.62,3.19
2016-03-21,Monday,0,11200,77.78,860,6.97,80.46,2.19
2016-03-22,Tuesday,0,10240,71.11,350,6.91,78.16,2.33
2016-03-23,Wednesday,0,12250,85.07,780,7.01,86.78,3.05
2016-03-24,Thursday,0,10100,70.14,490,7.16,80.57,2.74
2016-03-25,Friday,0,25980,180.42,280,7.07,86.89,4.01
2016-03-26,Saturday,1,15690,108.96,400,9.21,76.65,5.83
2016-03-27,Sunday,1,10520,73.06,80,8.97,77.74,6.92
2016-03-28,Monday,0,18330,127.29,220,8.93,74.45,9.07
2016-03-29,Tuesday,0,13170,91.46,740,8.31,74.62,6.56
2016-03-30,Wednesday,0,12630,87.71,620,9.07,74.68,4.34
2016-03-31,Thursday,0,11400,79.17,280,6.92,89.05,2.74
2016-04-01,Friday,0,8580,59.58,10,7.14,79.6,2.03
2016-04-02,Saturday,1,7300,50.69,0,9.33,79.64,2.25
2016-04-03,Sunday,1,10340,71.81,70,15.31,73.84,4.17
2016-04-04,Monday,0,27150,188.54,540,12.44,79.15,4.22
2016-04-05,Tuesday,0,22300,154.86,510,10.74,79.43,2.78
2016-04-06,Wednesday,0,12610,87.57,850,8.6,81.53,6.16
2016-04-07,Thursday,0,9910,68.82,110,7.43,74.55,5.51
2016-04-08,Friday,0,19360,134.44,240,7.96,82.43,2.23
2016-04-09,Saturday,1,15150,105.21,200,8.96,74.0,4.12
2016-04-10,Sunday,1,10680,74.17,110,9.35,77.72,3.12
2016-04-11,Monday,0,11210,77.85,510,12.89,65.54,4.33
2016-04-12,Tuesday,0,15900,110.42,350,10.65,74.36,2.76
2016-04-13,Wednesday,0,13570,94.24,530,8.21,87.7,1.61
2016-04-14,Thursday,0,12350,85.76,700,9.32,78.86,2.03
2016-04-15,Friday,0,18920,131.39,360,11.67,79.43,5.53
2016-04-16,Saturday,1,19320,134.17,50,9.09,81.39,4.54
2016-04-17,Sunday,1,15250,105.9,770,5.51,83.0,2.86
2016-04-18,Monday,0,10340,71.81,710,6.66,72.62,2.93
2016-04-19,Tuesday,0,10430,72.43,340,8.89,73.86,2.56
2016-04-20,Wednesday,0,11610,80.62,410,8.88,64.96,4.48
2016-04-21,Thursday,0,11070,76.88,110,11.91,59.88,3.71
2016-04-22,Friday,0,24570,170.62,340,11.14,66.41,4.35
2016-04-23,Saturday,1,15120,105.0,90,7.11,70.64,4.91
2016-04-24,Sunday,1,11780,81.81,170,4.09,82.94,3.36
2016-04-25,Monday,0,10820,75.14,1090,4.85,91.35,3.47
2016-04-26,Tuesday,0,10660,74.03,90,3.79,81.97,4.91
2016-04-27,Wednesday,0,10810,75.07,750,4.77,81.0,4.45
2016-04-28,Thursday,0,13810,95.9,250,4.53,76.77,2.81
2016-04-29,Friday,0,16060,111.53,80,6.68,81.54,4.5
2016-04-30,Saturday,1,20220,140.42,100,7.49,80.18,2.88
2016-05-01,Sunday,1,14090,97.85,30,7.96,69.25,3.44
2016-05-02,Monday,0,12330,85.62,400,10.2,67.14,2.22
2016-05-03,Tuesday,0,10040,69.72,90,10.58,67.93,3.84
2016-05-04,Wednesday,0,11370,78.96,160,9.9,62.02,2.18
2016-05-05,Thursday,0,12100,84.03,110,12.8,52.43,3.29
2016-05-06,Friday,0,14510,100.76,160,15.88,59.65,3.06
2016-05-07,Saturday,1,13990,97.15,60,18.52,50.47,2.72
2016-05-08,Sunday,1,9870,68.54,30,19.37,55.96,2.78
2016-05-09,Monday,0,12250,85.07,950,18.52,57.84,2.64
2016-05-10,Tuesday,0,9500,65.97,50,16.72,85.45,2.98
2016-05-11,Wednesday,0,10670,74.1,30,17.57,78.13,2.5
2016-05-12,Thursday,0,10400,72.22,80,16.53,78.37,1.92
2016-05-13,Friday,0,24280,168.61,470,16.77,73.4,4.6
2016-05-14,Saturday,1,14340,99.58,70,9.62,63.77,5.41
2016-05-15,Sunday,1,14980,104.03,540,8.56,72.69,3.11
2016-05-16,Monday,0,14420,100.14,340,10.29,74.69,1.33
2016-05-17,Tuesday,0,9510,66.04,50,12.49,76.28,3.27
2016-05-18,Wednesday,0,11840,82.22,320,12.92,76.8,4.14
2016-05-19,Thursday,0,10080,70.0,30,12.26,74.99,2.19
2016-05-20,Friday,0,9320,64.72,800,13.78,81.96,3.86
2016-05-21,Saturday,1,23280,161.67,220,17.85,74.5,4.71
2016-05-22,Sunday,1,15860,110.14,40,15.51,90.55,3.12
2016-05-23,Monday,0,11960,83.06,290,12.57,84.23,4.21
2016-05-24,Tuesday,0,13850,96.18,610,11.57,76.68,4.11
2016-05-25,Wednesday,0,12080,83.89,370,11.56,74.77,1.35
2016-05-26,Thursday,0,21170,147.01,450,14.92,74.34,1.85
2016-05-27,Friday,0,14860,136.33,70,17.2,74.28,2.04
